Mutation,DDG,DG_mut,sigma,sigma_wt,sigma_ratio,Onset_obs,Onset_pred,Source
I56T,2.1,7.200000000000001,0.9140093581890808,0.8903509908313406,1.026571956005406,55,58.7,"Booth 1997, Canet 2002"
D67H,1.5,7.800000000000001,0.9071863964039639,0.8903509908313406,1.0189087289686776,55,60.9,Booth 1997
F57I,1.8,7.500000000000001,0.9105914868562368,0.8903509908313406,1.0227331650476372,50,59.8,Kumita 2006
W64R,3.5,5.800000000000001,0.9301298304758232,0.8903509908313406,1.044677705819522,40,53.3,Kumita 2006
T70N,0.8,8.5,0.8992906206398478,0.8903509908313406,1.0100405681585867,60,63.6,"Pepys 1993, mild"
L84S,1.2,8.100000000000001,0.9037940390390914,0.8903509908313406,1.0150985940895048,55,62.1,estimated from clinical severity
